,ABSNJZH,AREA_ACR,MEANGAM,MEANGBH,MEANGBT,MEANGBZ,MEANJZD,MEANJZH,MEANPOT,MEANSHR,R_VALUE,SAVNCPP,SHRGT45,TOTPOT,TOTUSJH,TOTUSJZ,USFLUX,d_l_f,g_s,slf
B,1.0144519941103896,2.281790789077409,0.050496847085686775,0.1281487249220392,0.29666142421706154,0.2853579431333765,0.004703290719294874,3.048684709870322e-05,23.392508671908868,0.038346455473615426,0.00831543813800989,95782360953.12994,0.055638168512414286,4.6759600207722906e+20,7.335663966496693,146826320909.5536,1.1334666891403957e+20,1.1605101014056114,121.59212021095716,0.3258289520508491
C,0.8454695410813741,3.5701950226848416,0.03698089481261149,0.09471086652693644,0.270151650004651,0.19763076348716252,0.0033509065678164643,2.6098422263837266e-05,9.536108212035085,0.031106286729099226,0.00830137938586713,51447360291.77937,0.0454769688172884,2.369482894036765e+21,12.397666943941793,226563609964.86432,2.0939098208463346e+20,1.0433451820248845,173.76156549549248,0.1959179294889117
M,1.1498599222648875,2.262014514080458,0.044677818887509706,0.10255824817429979,0.2556231499137924,0.16257432010928918,0.003115448534909101,3.296957693931259e-05,10.299295317519027,0.03502055786885239,0.007220800428235675,65792343363.560326,0.05229600375178252,1.5942328390428653e+21,9.86901225496395,166259834841.9007,1.5237735915628167e+20,1.360644675291046,179.23767544548235,0.1894223929271779
X,1.1326339153077043,1.7738227145847019,0.049088931960597014,0.10891990809983032,0.2622518427661563,0.16748904923726027,0.0031412128225005043,2.7092398924175656e-05,11.359104084098332,0.03793237733528624,0.007106787226462756,62829674969.221794,0.05798811632546298,1.245012608734724e+21,8.714100848508807,142525635725.3477,1.3838758906756868e+20,1.335576327100517,180.10847188662203,0.1855407914866519
