,ABSNJZH,AREA_ACR,MEANGAM,MEANGBH,MEANGBT,MEANGBZ,MEANJZD,MEANJZH,MEANPOT,MEANSHR,R_VALUE,SAVNCPP,SHRGT45,TOTPOT,TOTUSJH,TOTUSJZ,USFLUX
0,0.6256880733944954,0.4963302752293578,0.5045871559633027,0.4614678899082569,0.42201834862385323,0.43394495412844036,0.4779816513761468,0.4504587155963303,0.5577981651376147,0.5247706422018349,0.4559633027522936,0.5853211009174312,0.5238532110091743,0.5761467889908257,0.5110091743119266,0.48623853211009177,0.5165137614678899
