,ABSNJZH,AREA_ACR,MEANGAM,MEANGBH,MEANGBT,MEANGBZ,MEANJZD,MEANJZH,MEANPOT,MEANSHR,R_VALUE,SAVNCPP,SHRGT45,TOTPOT,TOTUSJH,TOTUSJZ,USFLUX
0,0.5597147950089126,0.5026737967914439,0.5454545454545454,0.483065953654189,0.40641711229946526,0.4117647058823529,0.40998217468805703,0.42780748663101603,0.5971479500891266,0.5650623885918004,0.5294117647058824,0.5436720142602496,0.5632798573975044,0.6042780748663101,0.5098039215686274,0.49554367201426025,0.5258467023172906
