,precision,recall,f1-score,support
ABC,0.7549194991055456,0.4552319309600863,0.5679676985195155,927.0
MX,0.16940789473684212,0.42916666666666664,0.24292452830188682,240.0
accuracy,0.4498714652956298,0.4498714652956298,0.4498714652956298,0.4498714652956298
macro avg,0.46216369692119386,0.4421992988133765,0.40544611341070114,1167.0
weighted avg,0.6345058015489998,0.4498714652956298,0.501120774053165,1167.0

TSS,-0.07567260615761229
HSS1,0.5098389982110912
HSS2,9.514545737398874
GS,-0.5453195277502464
ORSS,-138370
SEDI,-0.12740056767786645
