,precision,recall,f1-score,support
ABC,0.75,0.5,0.6,48.0
MX,0.2727272727272727,0.5294117647058824,0.36,17.0
accuracy,0.5076923076923077,0.5076923076923077,0.5076923076923077,0.5076923076923077
macro avg,0.5113636363636364,0.5147058823529411,0.48,65.0
weighted avg,0.6251748251748251,0.5076923076923077,0.5372307692307692,65.0

TSS,0.022727272727272707
HSS1,0.5
HSS2,-1.5789473684210513
GS,-0.29801324503311255
ORSS,-384
SEDI,0.035781682768618234
