,ABSNJZH,AREA_ACR,MEANGAM,MEANGBH,MEANGBT,MEANGBZ,MEANJZD,MEANJZH,MEANPOT,MEANSHR,R_VALUE,SAVNCPP,SHRGT45,TOTPOT,TOTUSJH,TOTUSJZ,USFLUX,d_l_f,g_s,slf
0,340.6224624485127,1160.3661386693918,43.39731125954205,51.46982238349877,92.48705576776153,100.28911573720423,0.013297812821839105,-3.35790521561781e-05,8553.600750052401,36.423687104809275,4.303631521006516,13512296450963.693,30.26265128298278,5.966607980105988e+23,2265.1154837522813,41540373511338.83,2.993798142818862e+22,256.1271373829829,42511.39505171681,19.974148743520605
1,347.08234816076066,1179.5219192782527,43.838822043628134,52.24517399184415,94.31005893186006,101.4098377071822,0.0390708913296178,0.00020180741395875605,8627.411503879044,36.74133846153853,4.375978581253696,13848723481191.844,30.63787867721229,6.0127383485489516e+23,2310.3102637912343,42282190438912.375,3.060626743385968e+22,264.64078514439535,44625.811921387125,21.237526364740102
