,ABSNJZH,AREA_ACR,MEANGAM,MEANGBH,MEANGBT,MEANGBZ,MEANJZD,MEANJZH,MEANPOT,MEANSHR,R_VALUE,SAVNCPP,SHRGT45,TOTPOT,TOTUSJH,TOTUSJZ,USFLUX,d_l_f,g_s,slf
0,174.3088631691345,675.3937002956832,42.079245374878276,49.578619990103995,92.48705576776177,98.74598887202822,-0.009353203762278951,-6.815089611553708e-05,7269.788971148615,34.94663725012184,3.9991398483080465,7425077453712.434,27.654955785365864,3.144578215083252e+23,1235.9119044832532,23656463053731.344,1.8593464728409111e+22,204.89200286516896,10870.933180948956,19.974148743520576
1,347.0823481607607,1179.5219192782517,43.83882204362826,52.24517399184399,94.63120997019765,101.42249840764339,0.039505377414484275,0.0004274316606090623,8627.411503879057,36.74133846153855,4.375978581253692,13848723481191.844,30.637878677212314,6.012738348548971e+23,2310.3102637912275,42282190438912.375,3.0606267433859682e+22,264.7328835270838,44625.811921387074,21.981178103975513
