,precision,recall,f1-score,support
ABC,0.7413793103448276,0.7678571428571429,0.7543859649122806,56.0
MX,0.3157894736842105,0.2857142857142857,0.3,21.0
accuracy,0.6363636363636364,0.6363636363636364,0.6363636363636364,0.6363636363636364
macro avg,0.528584392014519,0.5267857142857143,0.5271929824561403,77.0
weighted avg,0.6253093548919321,0.6363636363636364,0.6304625199362041,77.0

TSS,0.05716878402903813
HSS1,0.4827586206896552
HSS2,0.0863531225905937
GS,0.06310885218127915
ORSS,-390
SEDI,0.08793253380280859
