,ABSNJZH,AREA_ACR,MEANGAM,MEANGBH,MEANGBT,MEANGBZ,MEANJZD,MEANJZH,MEANPOT,MEANSHR,R_VALUE,SAVNCPP,SHRGT45,TOTPOT,TOTUSJH,TOTUSJZ,USFLUX
0,808.6061224489798,2060.785714285714,44.86521739130434,50.42291666666667,84.6,95.73749999999997,-0.12539,-0.002120121951219512,11382.553191489362,38.90931818181817,4.747499999999999,27657323913043.477,35.249183673469396,1.303472160416667e+24,4138.2326041666665,71358145833333.33,5.098356249999997e+22
1,908.4058536585366,2297.7380952380954,47.50487804878048,53.3439024390244,89.5404761904762,104.53260869565217,0.21892891304347828,0.002046791666666667,12606.19512195122,41.2975,4.858250000000001,32394853658536.586,39.12414634146341,1.5220041463414632e+24,4715.195121951219,81687804878048.78,5.711926829268292e+22
