,ABSNJZH,AREA_ACR,MEANGAM,MEANGBH,MEANGBT,MEANGBZ,MEANJZD,MEANJZH,MEANPOT,MEANSHR,R_VALUE,SAVNCPP,SHRGT45,TOTPOT,TOTUSJH,TOTUSJZ,USFLUX
0,406.7132446325275,1393.2135441245866,44.145150960658746,52.74286293592864,92.92637318255258,101.24268982229397,0.02987431873479329,0.00032709543460601183,9022.449029126214,37.194990909090905,4.4484876393601525,16187878486581.61,31.439468192219724,7.035568431104773e+23,2712.436139496198,49769095837837.836,3.4690796806083703e+22
1,413.9003017301038,1440.0346586345383,44.368839360807364,53.26950456950458,94.87438494934881,102.55523396044381,0.055532365401459734,0.0006539929981203003,9149.854499579478,37.44946785866325,4.53532110091743,16433050321304.992,31.839017241379324,7.265164849959432e+23,2812.602380373074,51637089325477.445,3.640057568200159e+22
