,ABSNJZH,AREA_ACR,MEANGAM,MEANGBH,MEANGBT,MEANGBZ,MEANJZD,MEANJZH,MEANPOT,MEANSHR,R_VALUE,SAVNCPP,SHRGT45,TOTPOT,TOTUSJH,TOTUSJZ,USFLUX
0,174.30285785877007,675.4739030159673,42.07925998052579,49.579515091538774,92.54032657100444,98.74860900354079,-0.009347809921414567,-6.8214377490039e-05,7269.590636908002,34.94656265236471,3.9991423570595046,7425172915733.647,27.655615121951232,3.1445618245861776e+23,1235.9056134569378,23656946422619.047,1.8593865155502414e+22
1,183.5563996426748,696.4359270516716,42.70141562853914,50.52442205097816,94.43073721759812,100.12464285714296,0.02187092711330937,0.00020863518225039626,7351.278601066982,35.37200915855758,4.088667992047709,8056093516699.41,28.234139016018293,3.199654974113681e+23,1282.9561994002995,24535456731634.184,1.9195148975512255e+22
