,ABSNJZH,AREA_ACR,MEANGAM,MEANGBH,MEANGBT,MEANGBZ,MEANJZD,MEANJZH,MEANPOT,MEANSHR,R_VALUE,SAVNCPP,SHRGT45,TOTPOT,TOTUSJH,TOTUSJZ,USFLUX
0,833.8674418604652,2156.639534883721,45.22093023255814,50.82325581395348,85.33720930232558,96.49761904761903,-0.15359128205128206,-0.0016624166666666662,11815.813953488372,39.08809523809523,4.773571428571428,28997069767441.86,35.27023255813954,1.404121181395349e+24,4418.861071428571,75781452380952.38,5.428261904761903e+22
1,939.4561111111111,2427.2162162162163,48.31388888888889,53.80277777777778,90.21621621621621,103.23055555555553,0.23690075000000005,0.0026665714285714287,13116.388888888889,42.27142857142857,4.8725000000000005,33579055555555.555,40.38888888888888,1.634672222222222e+24,5004.638888888889,86600000000000.0,6.046444444444442e+22
