,ABSNJZH,AREA_ACR,MEANGAM,MEANGBH,MEANGBT,MEANGBZ,MEANJZD,MEANJZH,MEANPOT,MEANSHR,R_VALUE,SAVNCPP,SHRGT45,TOTPOT,TOTUSJH,TOTUSJZ,USFLUX
0,528.7599732026144,1631.103897151899,44.31739788199698,52.14166666666669,90.21996974281383,100.47413010590012,0.014919868030303008,-0.0015677849293563588,10180.407340946167,37.6510638297872,4.592322033898312,19747081862745.098,32.68296808510639,9.421126055791203e+23,3411.1187226753664,59732976822995.46,4.280488019667176e+22
1,569.7236080870917,1663.2473602484472,45.21160130718951,53.78938906752413,92.89919484702091,102.34247226624406,0.04558822889561273,-0.000980832557003259,10442.453689167975,38.24575409836064,4.6782753164557,21195775545171.34,33.46472638436484,9.64713105754278e+23,3518.2258944099376,61184913644859.81,4.388946456692915e+22
