,ABSNJZH,AREA_ACR,MEANGAM,MEANGBH,MEANGBT,MEANGBZ,MEANJZD,MEANJZH,MEANPOT,MEANSHR,R_VALUE,SAVNCPP,SHRGT45,TOTPOT,TOTUSJH,TOTUSJZ,USFLUX
0,507.1766666666667,1169.4666666666667,39.56666666666667,45.43333333333334,79.16666666666667,88.43333333333332,-0.038,-0.007351666666666666,7368.333333333333,32.583333333333336,4.548333333333334,18121750000000.0,27.076666666666668,5.634333333333334e+23,2172.5,39443666666666.664,2.732933333333333e+22
1,705.676,1453.0,47.0,50.84,93.89999999999999,116.91666666666667,0.9583333333333334,-0.0009249999999999999,11088.333333333334,41.379999999999995,4.832,26242800000000.0,37.44833333333333,7.863000000000001e+23,2826.1666666666665,49130000000000.0,3.4293333333333336e+22
