,ABSNJZH,AREA_ACR,MEANGAM,MEANGBH,MEANGBT,MEANGBZ,MEANJZD,MEANJZH,MEANPOT,MEANSHR,R_VALUE,SAVNCPP,SHRGT45,TOTPOT,TOTUSJH,TOTUSJZ,USFLUX
0,0.46153846153846156,0.41025641025641024,0.4358974358974359,0.358974358974359,0.38461538461538464,0.41025641025641024,0.358974358974359,0.41025641025641024,0.48717948717948717,0.5128205128205128,0.41025641025641024,0.4358974358974359,0.4358974358974359,0.46153846153846156,0.4358974358974359,0.4358974358974359,0.41025641025641024
