,ABSNJZH,AREA_ACR,MEANGAM,MEANGBH,MEANGBT,MEANGBZ,MEANJZD,MEANJZH,MEANPOT,MEANSHR,R_VALUE,SAVNCPP,SHRGT45,TOTPOT,TOTUSJH,TOTUSJZ,USFLUX
0,0.7142857142857143,0.5584415584415584,0.5194805194805194,0.4025974025974026,0.36363636363636365,0.4155844155844156,0.36363636363636365,0.45454545454545453,0.6753246753246753,0.5844155844155844,0.6233766233766234,0.6623376623376623,0.5844155844155844,0.6363636363636364,0.5454545454545454,0.5454545454545454,0.5454545454545454
