,precision,recall,f1-score,support
ABC,0.7961538461538461,0.4753157290470723,0.595255212077642,871.0
MX,0.19824561403508772,0.5159817351598174,0.2864385297845374,219.0
accuracy,0.4834862385321101,0.4834862385321101,0.4834862385321101,0.4834862385321101
macro avg,0.49719973009446694,0.49564873210344484,0.44084687093108965,1090.0
weighted avg,0.6760236600676001,0.4834862385321101,0.5332085575618714,1090.0

TSS,-0.00560053981106623
HSS1,0.5923076923076923
HSS2,5.953302349109992
GS,-0.5462032161080411
ORSS,-96884
SEDI,-0.009533336166018423
