,precision,recall,f1-score,support
ABC,0.8513238289205702,0.4799081515499426,0.6138032305433186,871.0
MX,0.24373956594323873,0.6666666666666666,0.3569682151589242,219.0
accuracy,0.5174311926605505,0.5174311926605505,0.5174311926605505,0.5174311926605505
macro avg,0.5475316974319044,0.5732874091083047,0.4853857228511214,1090.0
weighted avg,0.7292495595700789,0.5174311926605505,0.5622005990119587,1090.0

TSS,0.09506339486380899
HSS1,0.7026476578411406
HSS2,2.893610025209164
GS,-0.5395396963463448
ORSS,-66138
SEDI,0.16304978194737715
