,precision,recall,f1-score,support
ABC,0.77734375,0.4569460390355913,0.5755603759942155,871.0
MX,0.18166089965397925,0.4794520547945205,0.26348808030112925,219.0
accuracy,0.4614678899082569,0.4614678899082569,0.4614678899082569,0.4614678899082569
macro avg,0.4795023248269896,0.46819904691505587,0.4195242281476724,1090.0
weighted avg,0.6576606819029555,0.4614678899082569,0.5128596119971642,1090.0

TSS,-0.040995350346020754
ORSS,-107844
SEDI,-0.06963802149007213
