,precision,recall,f1-score,support
ABC,0.8464849354375896,0.677382319173364,0.7525510204081632,871.0
MX,0.28498727735368956,0.5114155251141552,0.3660130718954248,219.0
accuracy,0.6440366972477064,0.6440366972477064,0.6440366972477064,0.6440366972477064
macro avg,0.5657361063956396,0.5943989221437596,0.559282046151794,1090.0
weighted avg,0.7336702683546776,0.6440366972477064,0.674888808734503,1090.0

TSS,0.13147221279127919
HSS1,0.6929698708751794
HSS2,-0.34353195980863865
GS,-0.23080332870436118
ORSS,-60134
SEDI,0.21684229997668603
