,precision,recall,f1-score,support
ABC,0.7674943566591422,0.41412911084043846,0.5379746835443038,821.0
MX,0.19023569023569023,0.5231481481481481,0.27901234567901234,216.0
accuracy,0.43683702989392476,0.43683702989392476,0.43683702989392476,0.43683702989392476
macro avg,0.4788650234474162,0.4686386294942933,0.40849351461165806,1037.0
weighted avg,0.6472553287445177,0.43683702989392476,0.48403460159743494,1037.0

TSS,-0.04226995310516757
HSS1,0.5349887133182845
HSS2,3.351695942902677
GS,-0.5694763328208537
ORSS,-99086
SEDI,-0.07074709284003237
