,precision,recall,f1-score,support
ABC,0.7885057471264367,0.39380022962112515,0.5252679938744257,871.0
MX,0.19389312977099238,0.5799086757990868,0.2906178489702517,219.0
accuracy,0.43119266055045874,0.43119266055045874,0.43119266055045874,0.43119266055045874
macro avg,0.49119943844871455,0.48685445271010597,0.4079429214223387,1090.0
weighted avg,0.6690377074926365,0.43119266055045874,0.47812268953129355,1090.0

TSS,-0.017601123102570893
HSS1,0.5770114942528736
HSS2,2.271862515061196
GS,-0.615992539365607
ORSS,-97152
SEDI,-0.029877308090621772
