,ABSNJZH,AREA_ACR,MEANGAM,MEANGBH,MEANGBT,MEANGBZ,MEANJZD,MEANJZH,MEANPOT,MEANSHR,R_VALUE,SAVNCPP,SHRGT45,TOTPOT,TOTUSJH,TOTUSJZ,USFLUX
0,348.51407613931536,1168.0284898843938,43.58165416582203,51.63926045665795,92.13176512838952,100.3508849557522,0.010153464104128547,-0.00017153052852196107,8649.59251639159,36.62630293159613,4.3187249814677475,13803074435502.959,30.600983147208044,6.073136594073192e+23,2300.4719460980928,42076580206571.63,3.0218755363614384e+22
1,397.8231178715651,1313.9981416373676,44.26513444494524,52.832883417383606,94.19038867128654,101.81558784676369,0.04027841857142855,0.00024801376156069406,9061.59545466457,37.2256400240385,4.471663874210573,15649621871824.932,31.503323863636414,6.845758242541717e+23,2613.6116503846633,47424345408215.01,3.3909458612687397e+22
