,precision,recall,f1-score,support
ABC,0.7576335877862596,0.45579793340987373,0.5691756272401435,871.0
MX,0.1625441696113074,0.4200913242009132,0.2343949044585987,219.0
accuracy,0.44862385321100917,0.44862385321100917,0.44862385321100917,0.44862385321100917
macro avg,0.46008887869878345,0.4379446288053935,0.4017852658493711,1090.0
weighted avg,0.6380697505566132,0.44862385321100917,0.5019123444060533,1090.0

TSS,-0.07982224260243298
HSS1,0.5152671755725191
HSS2,7.666501819209435
GS,-0.5662130405808283
ORSS,-120396
SEDI,-0.13544659042900303
