,ABSNJZH,AREA_ACR,MEANGAM,MEANGBH,MEANGBT,MEANGBZ,MEANJZD,MEANJZH,MEANPOT,MEANSHR,R_VALUE,SAVNCPP,SHRGT45,TOTPOT,TOTUSJH,TOTUSJZ,USFLUX
0,348.51407613931485,1168.0284898843927,43.58165416582209,50.82325581395348,85.33720930232558,96.49761904761903,-0.15359128205128206,-0.0016624166666666662,8649.59251639159,36.62630293159616,4.3187249814677395,13803074435502.959,30.600983147208062,6.073136594073184e+23,2300.471946098092,42076580206571.63,3.0218755363614312e+22
1,939.4561111111111,2427.2162162162163,48.31388888888889,54.359797297297284,94.31808346213282,103.23055555555553,0.23690075000000005,0.0026665714285714287,13116.388888888889,42.27142857142857,4.8725000000000005,33579055555555.555,40.38888888888888,1.634672222222222e+24,5004.638888888889,86600000000000.0,6.046444444444442e+22
