,ABSNJZH,AREA_ACR,MEANGAM,MEANGBH,MEANGBT,MEANGBZ,MEANJZD,MEANJZH,MEANPOT,MEANSHR,R_VALUE,SAVNCPP,SHRGT45,TOTPOT,TOTUSJH,TOTUSJZ,USFLUX,d_l_f,g_s,slf
B,0.818323253859676,0.5744141869578574,0.12454749697496882,0.05347655508512296,0.0972390914104048,0.15768042306222385,0.0033174283946812324,4.9628604869705883e-05,10.506146068735784,0.0907701761566782,0.007131495408672577,46173275979.59584,0.11532649838112105,1.291837733827839e+21,2.2439882023513817,43650170401.287315,4.193441186270045e+19,0.9359904487520825,407.0420481168434,0.24228672044304622
C,0.5277346456674176,1.4596814722261293,0.07731498552092012,0.06878477301359982,0.13589919929957278,0.106145442338363,0.0023888743661156,4.585278951454826e-05,9.145092184199502,0.059856438514970085,0.006780115102690308,23747919244.693108,0.06637723330962238,6.804254242446553e+20,3.736866392287905,72875718150.36838,6.065213541430662e+19,0.6498252500280958,259.53457853842383,0.13841802894525249
M,0.9706531472229077,0.6511621598605112,0.08614893433589985,0.09573770643582377,0.15426033526180186,0.11459431854816444,0.0024317265274800283,4.440602705487346e-05,14.017108611760937,0.06542404039341959,0.006279758492779532,49575237731.347496,0.07410601228704045,9.103524814442488e+20,1.8691683560855081,46175283615.8927,2.386558750178335e+19,0.5336697833204882,338.1461524945497,0.11401750913877763
X,1.0717625687115815,0.6259651670491425,0.08597083601968095,0.09443172665704734,0.1501490181323563,0.11168304431029763,0.002516675766735673,4.360943671066359e-05,14.590303544060054,0.06596089994433725,0.006125000006354078,48900667484.95499,0.07527614748905595,9.029758209356448e+20,1.8385110914189438,45102090423.47488,2.4434770118852456e+19,0.5498846859887726,338.49496588680285,0.11406440383954465
