,ABSNJZH,AREA_ACR,MEANGAM,MEANGBH,MEANGBT,MEANGBZ,MEANJZD,MEANJZH,MEANPOT,MEANSHR,R_VALUE,SAVNCPP,SHRGT45,TOTPOT,TOTUSJH,TOTUSJZ,USFLUX,d_l_f,g_s,slf
B,182.52971453534704,695.4329587481243,42.26350520923721,49.712856004936576,92.76813966691427,99.01774712489265,-0.0025131721601614533,2.737913695100737e-05,7298.982233107671,35.122823005173004,4.075193588797641,7996688714369.726,27.846387787941794,3.166267009118988e+23,1277.9928605577281,24449653305887.39,1.9132211282790138e+22,206.74617889726713,13078.423602823439,20.882102361162172
C,307.8944225265841,1099.5365871688894,43.32808519318001,51.43968289508176,93.0517677150619,100.45644775258272,0.017809863642321264,0.00024066641216546994,8305.2858315954,36.314469402471794,4.319017388859118,12557047660503.129,29.938512905650107,5.3889644979591995e+23,2111.400860936673,39154831335791.87,2.8444881036396743e+22,254.2272107549196,35697.16522162299,20.55693141784281
M,340.2188611293992,1169.4615768491756,43.494298521565405,51.597226613643976,92.77099860540156,100.52266905314947,0.01909266030001151,4.526184363269899e-05,8568.194407298502,36.518028628955754,4.363136881804474,13597280392365.537,30.326347322973948,5.920833100096278e+23,2287.518576244171,41887764358223.5,3.0351478408774033e+22,257.3625321211545,42944.55533664771,20.187788103618782
X,344.9522422300234,1178.1696812312173,43.513469714443836,51.589050895614484,92.70597348592908,100.50145991462702,0.019319236590678836,3.460666229119768e-05,8598.45032946197,36.5441414708991,4.367009374769608,13741801750581.74,30.377570669129252,5.991238950480532e+23,2306.246288277585,42183468099428.695,3.056669985995923e+22,257.3003746429092,43924.88640238922,20.122369025878445
