,precision,recall,f1-score,support
ABC,0.7566433566433567,0.6211251435132032,0.6822194199243381,871.0
MX,0.12,0.2054794520547945,0.15151515151515152,219.0
accuracy,0.5376146788990825,0.5376146788990825,0.5376146788990825,0.5376146788990825
macro avg,0.43832167832167834,0.41330229778399885,0.4168672857197448,1090.0
weighted avg,0.6287306088407006,0.5376146788990825,0.575591681592584,1090.0

TSS,-0.12335664335664331
ORSS,-114840
SEDI,-0.2177729368363561
