,precision,recall,f1-score,support
ABC,0.8333333333333334,0.5166475315729047,0.6378454996456413,871.0
MX,0.23454545454545456,0.589041095890411,0.33550065019505854,219.0
accuracy,0.5311926605504587,0.5311926605504587,0.5311926605504587,0.5311926605504587
macro avg,0.5339393939393939,0.5528443137316579,0.48667307492034995,1090.0
weighted avg,0.7130264108979706,0.5311926605504587,0.5770991491596984,1090.0

TSS,0.06787878787878787
ORSS,-75780
SEDI,0.11556838120621236
