,ABSNJZH,AREA_ACR,MEANGAM,MEANGBH,MEANGBT,MEANGBZ,MEANJZD,MEANJZH,MEANPOT,MEANSHR,R_VALUE,SAVNCPP,SHRGT45,TOTPOT,TOTUSJH,TOTUSJZ,USFLUX,d_l_f,g_s,slf
B,297.7097003785268,1033.2810786342611,43.37784847579198,51.401248491981725,93.43696064400696,100.44470563089628,0.0216331516335795,0.0001189191152694,8234.26866677196,36.25415595635038,4.245793479920594,12046893041959.531,29.804656843987438,5.205949266845568e+23,2001.7929166113065,36954646797030.58,2.71283656933024e+22,246.77369572390623,34976.057659695485,20.737230480513357
C,326.05546360359926,1128.4196116268813,43.60722084958823,51.8153058785177,93.57211803934638,100.87603995006252,0.0273510926134878,0.0002237099833169,8445.63863875599,36.52440902769595,4.305524259005933,13113148649896.455,30.251648606729265,5.699069687933807e+23,2193.752007140512,40410868137232.414,2.923069774504132e+22,258.3178541652061,39330.76526053216,20.80370863305676
M,341.4184671049331,1162.931168438536,43.69100080645174,51.91500184011444,93.47468293189368,100.92227131313123,0.0274436117821981,0.0001202096661997,8569.057447881312,36.626587838982914,4.327470303676094,13619764218803.418,30.44568156054917,5.951304107595694e+23,2279.6262208637536,41775463217365.89,3.0189323898143235e+22,260.0091141861729,42593.98346481912,20.629781734890656
X,343.87244867372925,1167.4952494214856,43.70288202247203,51.91045702479323,93.44246891393492,100.9119384900223,0.0275990779511762,0.0001196538779191,8584.187363443349,36.64145122259684,4.329779300106062,13693589802496.389,30.476261734892752,5.987336604678136e+23,2289.203976613449,41928166189979.51,3.029508374754676e+22,259.95133381715755,43165.943267955794,20.60260981161009
