,precision,recall,f1-score,support
ABC,0.7519685039370079,0.6181229773462783,0.6785079928952042,927.0
MX,0.1259259259259259,0.2125,0.15813953488372093,240.0
accuracy,0.5347043701799485,0.5347043701799485,0.5347043701799485,0.5347043701799485
macro avg,0.4389472149314669,0.41531148867313916,0.4183237638894626,1167.0
weighted avg,0.6232193876365283,0.5347043701799485,0.5714913434326884,1167.0

TSS,-0.12210557013706624
ORSS,-133812
SEDI,-0.21316298093868233
