,ABSNJZH,AREA_ACR,MEANGAM,MEANGBH,MEANGBT,MEANGBZ,MEANJZD,MEANJZH,MEANPOT,MEANSHR,R_VALUE,SAVNCPP,SHRGT45,TOTPOT,TOTUSJH,TOTUSJZ,USFLUX,d_l_f,g_s,slf
0,294.52053044581106,1025.8151307465118,43.026142171648054,50.9698303670745,92.48705576776169,99.9158630422695,0.006996442092773547,-4.328003911403023e-05,8196.8137246596,36.00698431911962,4.218976415247368,11834810786506.648,29.528341424450463,5.1829689804414744e+23,1979.8452979489953,36586381796987.54,2.6795767974495124e+22,242.55648184718353,34414.66104399925,19.974148743520562
1,347.0823481607607,1179.5219192782558,43.83882204362795,52.24517399184414,94.45758456751727,101.41196445953567,0.03927067591177199,0.0003019230370334096,8627.41150387905,36.741338461538575,4.3759785812536895,13848723481191.844,30.6378786772123,6.012738348548946e+23,2310.310263791221,42282190438912.38,3.060626743385966e+22,264.6865907491702,44625.81192138701,21.449012798418973
