,ABSNJZH,AREA_ACR,MEANGAM,MEANGBH,MEANGBT,MEANGBZ,MEANJZD,MEANJZH,MEANPOT,MEANSHR,R_VALUE,SAVNCPP,SHRGT45,TOTPOT,TOTUSJH,TOTUSJZ,USFLUX,d_l_f,g_s,slf
0,348.4947759136237,1168.0510400048136,43.58095317251171,51.6435161027313,92.3376824913775,100.35921992290548,0.010158396357535083,-5.080884393659646e-06,8649.26268302058,36.62619991856672,4.318714702248573,13803009512686.39,30.60061922436551,6.073112864263065e+23,2300.533312352254,42075904996025.61,3.021861021186273e+22,253.19444967119674,43550.630873574126,19.583715076486
1,356.9263071776057,1195.0506185671047,43.94868136661026,52.348128468899496,94.13844703595728,101.39064747327484,0.03523719689915963,0.00023434999902052209,8730.210794961002,36.86043203295379,4.399977747878292,14202315342944.014,30.858988491168326,6.142396166492654e+23,2357.705198952616,43025057571157.766,3.108064679057372e+22,261.19884091143115,45768.66264938896,20.83518673224317
