,ABSNJZH,AREA_ACR,MEANGAM,MEANGBH,MEANGBT,MEANGBZ,MEANJZD,MEANJZH,MEANPOT,MEANSHR,R_VALUE,SAVNCPP,SHRGT45,TOTPOT,TOTUSJH,TOTUSJZ,USFLUX,d_l_f,g_s,slf
0,177.44305805603446,681.57647395898,42.163159008776375,49.53042685475454,92.2063975966562,98.58955199999997,-0.01456984155118924,-3.646792401471271e-05,7310.840665901267,35.06096173733191,4.012840781049938,7565762630993.789,27.85707981799276,3.2266628517196746e+23,1251.667303689612,23918551067063.99,1.8847186274030056e+22,205.56870252347466,11079.433518876403,19.583715076485944
1,356.92630717760596,1195.0506185671031,43.94868136661039,52.348128468899375,94.38257175269415,101.39595987580637,0.035237196899159655,0.0004928433115504689,8730.210794960985,36.860432032953774,4.399977747878284,14202315342944.014,30.858988491168233,6.142396166492642e+23,2357.705198952614,43025057571157.766,3.1080646790573707e+22,261.2696822932915,45768.66264938889,21.826022243467172
