,precision,recall,f1-score,support
ABC,0.7535460992907801,0.45846817691477887,0.5700871898054996,927.0
MX,0.16749585406301823,0.42083333333333334,0.23962040332147094,240.0
accuracy,0.45072836332476435,0.45072836332476435,0.45072836332476435,0.45072836332476435
macro avg,0.4605209766768992,0.4396507551240561,0.40485379656348525,1167.0
weighted avg,0.6330216272645051,0.45072836332476435,0.5021248686776788,1167.0
