,precision,recall,f1-score,support
ABC,0.7937649880095923,0.40316686967113274,0.5347334410339256,821.0
MX,0.20967741935483872,0.6018518518518519,0.3110047846889952,216.0
accuracy,0.4445515911282546,0.4445515911282546,0.4445515911282546,0.4445515911282546
macro avg,0.5017212036822155,0.5025093607614923,0.4228691128614604,1037.0
weighted avg,0.6721035465154488,0.4445515911282546,0.48813229371424866,1037.0

TSS,0.0034424073644310216
HSS1,0.5875299760191847
HSS2,2.440387363073504
GS,-0.5731186414351914
ORSS,-84280
SEDI,0.005793996553612509
