,precision,recall,f1-score,support
ABC,0.7724137931034483,0.4092570036540804,0.535031847133758,821.0
MX,0.19435215946843853,0.5416666666666666,0.2860635696821516,216.0
accuracy,0.43683702989392476,0.43683702989392476,0.43683702989392476,0.43683702989392476
macro avg,0.4833829762859434,0.47546183516037355,0.41054770840795474,1037.0
weighted avg,0.6520075126163103,0.43683702989392476,0.4831734595449952,1037.0

TSS,-0.0332340474281132
HSS1,0.5448275862068965
HSS2,3.0341823690938354
GS,-0.5724052360568274
ORSS,-96030
SEDI,-0.05566461325390168
