,ABSNJZH,AREA_ACR,MEANGAM,MEANGBH,MEANGBT,MEANGBZ,MEANJZD,MEANJZH,MEANPOT,MEANSHR,R_VALUE,SAVNCPP,SHRGT45,TOTPOT,TOTUSJH,TOTUSJZ,USFLUX,d_l_f,g_s,slf
B,316.79283704589284,1086.513975008359,43.52145256164047,51.71620578605902,93.7442282164474,100.73447034538299,0.0269198256863255,0.00013323561199125,8360.331204296963,36.410615069242496,4.271519611914936,12713644935558.629,30.074718347605085,5.5472277588722664e+23,2119.305808280391,39007704329937.66,2.8430243554009796e+22,252.96188916225606,38326.20309825102,20.824951840001944
C,331.914877595583,1139.0893542685385,43.64016572797309,51.93058250741601,93.84279465492493,100.96125689828861,0.03033972792165565,0.00020359042794155,8475.117239732044,36.54767178235445,4.303904175668058,13296652213485.893,30.317340738222484,5.8080916947798495e+23,2223.8477949854823,40906994207429.53,2.957109717850827e+22,259.5721138885345,40545.24085336965,20.88671240866237
M,342.07214070466773,1161.6820283318743,43.699281480957175,51.99831188857203,93.77306952598983,101.00446378268379,0.03046356027187465,0.00013088800640605002,8555.4614630045,36.61658977773425,4.317770409361773,13631423067968.045,30.44543044885387,5.9746100406891105e+23,2279.2500089410296,41793655718073.7,3.0193993357951037e+22,260.6380943271347,42653.57034729399,20.76439517711045
X,343.72741322251403,1164.738370182489,43.706814944884954,51.99503560186618,93.74962842663788,101.0007968921196,0.03073106342168045,0.0001313182485477,8565.554755672598,36.62682376011583,4.31939613449001,13682519280732.383,30.465588754813965,5.999660912775302e+23,2285.761783604129,41897226687777.31,3.0266303979450245e+22,260.6144988307198,43014.466174618356,20.744174629500492
