,ABSNJZH,AREA_ACR,MEANGAM,MEANGBH,MEANGBT,MEANGBZ,MEANJZD,MEANJZH,MEANPOT,MEANSHR,R_VALUE,SAVNCPP,SHRGT45,TOTPOT,TOTUSJH,TOTUSJZ,USFLUX
0,344.4705117822695,1164.2386240671622,43.48712277597568,51.55536251844567,92.29149793492498,100.30611066878967,0.010216175406504078,-1.9741541229385534e-05,8600.773964627047,36.52197216464321,4.311576793452092,13653739928628.986,30.426929886755218,6.018423378249877e+23,2282.953723230662,41805575668192.22,3.007469138255347e+22
1,357.1050307208725,1195.24949025042,43.9479234774187,52.34667065152426,94.22716312056751,101.40319148936177,0.03720539070202085,0.0002400876689814824,8731.865257058575,36.8597965855431,4.4000703424019685,14207295664291.701,30.863445555082986,6.143116375892668e+23,2357.9040269918696,43028249570177.23,3.108311673419758e+22
