,precision,recall,f1-score,support
ABC,0.8021201413427562,0.522439585730725,0.6327526132404182,869.0
MX,0.22574626865671643,0.51931330472103,0.3146944083224968,233.0
accuracy,0.5217785843920145,0.5217785843920145,0.5217785843920145,0.5217785843920145
macro avg,0.5139332049997363,0.5208764452258775,0.47372351078145747,1102.0
weighted avg,0.6802552481160347,0.5217785843920145,0.5655043720917107,1102.0

TSS,0.027866409999472652
HSS1,0.6042402826855123
HSS2,-7.263354725518265
GS,-0.4422036887983148
ORSS,-92960
SEDI,0.04661647948372422
