,precision,recall,f1-score,support
ABC,0.7960992907801419,0.4843581445523193,0.602280348759222,927.0
MX,0.20729684908789386,0.5208333333333334,0.29655990510083036,240.0
accuracy,0.49185946872322195,0.49185946872322195,0.49185946872322195,0.49185946872322195
macro avg,0.5016980699340179,0.5025957389428264,0.4494201269300262,1167.0
weighted avg,0.6750088143395767,0.49185946872322195,0.5394072498063394,1167.0

TSS,0.0033961398680356636
HSS1,0.5921985815602837
HSS2,9.750709823963643
GS,-0.5138502571918462
ORSS,-109940
SEDI,0.005737693255948368
