,ABSNJZH,AREA_ACR,MEANGAM,MEANGBH,MEANGBT,MEANGBZ,MEANJZD,MEANJZH,MEANPOT,MEANSHR,R_VALUE,SAVNCPP,SHRGT45,TOTPOT,TOTUSJH,TOTUSJZ,USFLUX,d_l_f,g_s,slf
0,313.85067122647195,1082.2550430136173,43.18131418541571,51.184545323047026,92.48705576776163,100.08259035374924,0.009631056045975169,-3.92211411248374e-05,8346.417912676785,36.18111930498851,4.254469998116042,12540943890534.941,29.83533107753809,5.516528064737703e+23,2099.513359813083,38668922374400.086,2.8114054664117616e+22,248.28379889376788,37863.572453580775,19.97414874352049
1,347.0823481607598,1179.5219192782565,43.83882204362786,52.24517399184411,94.40581533241792,101.40983770718209,0.039200606259374444,0.00026681414918944545,8627.411503879057,36.74133846153847,4.375978581253692,13848723481191.844,30.637878677212345,6.0127383485489556e+23,2310.3102637912143,42282190438912.375,3.0606267433859724e+22,264.67126846500184,44625.8119213869,21.374627665698636
