,ABSNJZH,AREA_ACR,MEANGAM,MEANGBH,MEANGBT,MEANGBZ,MEANJZD,MEANJZH,MEANPOT,MEANSHR,R_VALUE,SAVNCPP,SHRGT45,TOTPOT,TOTUSJH,TOTUSJZ,USFLUX,d_l_f,g_s,slf
0,302.2586740371213,1069.6926560032027,43.229327228596794,51.34250257213147,92.48705576776177,100.236185111553,0.012881292403014841,-3.3579052156176884e-05,8250.914518337424,36.20529856035431,4.247456026666663,12269120044845.768,29.84882380973556,5.3014402551164055e+23,2049.560203904561,38039504587331.07,2.7439851332318834e+22,252.73494648229035,34198.893411432815,19.974148743520576
1,347.0823481607607,1179.5219192782517,43.83882204362826,52.24517399184399,94.63120997019765,101.40983770718232,0.039505377414484275,0.0004274316606090623,8627.411503879057,36.74133846153855,4.375978581253692,13848723481191.844,30.637878677212314,6.012738348548971e+23,2310.3102637912275,42282190438912.375,3.0606267433859682e+22,264.64078514439547,44625.811921387074,21.704118293303203
