,ABSNJZH,AREA_ACR,MEANGAM,MEANGBH,MEANGBT,MEANGBZ,MEANJZD,MEANJZH,MEANPOT,MEANSHR,R_VALUE,SAVNCPP,SHRGT45,TOTPOT,TOTUSJH,TOTUSJZ,USFLUX,d_l_f,g_s,slf
0,76.81426923076923,478.6208468468467,40.237576666666655,48.50853156146179,94.17291289198614,98.45452797202795,0.0156595331372549,-0.0016960899655172417,6057.837105263159,32.84764035087719,3.5078657407407423,3296343921052.6313,24.16405721739131,1.785621452991453e+23,753.9942692307692,15466621809523.809,1.1474210164948456e+22,182.743528,3516.8215238095236,20.542955999999993
1,210.2577298717949,1030.8231135371177,43.18025333333334,54.30285135135135,104.41767567567568,107.40450000000001,0.16199469411764708,0.00011730693877551035,7317.531315789473,35.194027027027026,4.066459345794392,8624373254112.554,27.91402266666666,4.2065744605263194e+23,1649.2003464912282,32674457938596.492,2.4875301315789455e+22,339.52550274725286,29101.50374324325,32.44852115107914
