,ABSNJZH,AREA_ACR,MEANGAM,MEANGBH,MEANGBT,MEANGBZ,MEANJZD,MEANJZH,MEANPOT,MEANSHR,R_VALUE,SAVNCPP,SHRGT45,TOTPOT,TOTUSJH,TOTUSJZ,USFLUX,d_l_f,g_s,slf
B,1.0234448284345832,1.7015294066673414,-2.457790437719449,-1.4601884754339547,-0.6154391705742299,-0.7755243792579695,-4.689986657049167,-9.423539258656225,3.602100197909473,-2.545108074079439,-3.96302407567346,25.544893713757624,-2.15448195455563,49.333949391869844,1.7318935543035854,25.48800582043344,45.90931847255992,1.2167005860181301,6.384934238836059,-0.594555665605212
C,0.9625200592645397,1.737656235575872,-2.4100130816186036,-1.6348794284895938,-0.6339233061342977,-1.0233870465339603,-4.705088039298534,-9.315014821591829,3.381683392187683,-2.49744460610728,-3.9013879251016235,25.532377981242302,-2.0720587965520374,49.44811290068854,1.9140357747553345,25.500612666689563,46.02427929114054,1.2448916209467558,6.427876696034776,-0.5764863315208478
M,1.0789016487737209,1.736753656940528,-2.51256302018084,-1.6381308854821077,-0.6723164206559162,-1.066241493775338,-4.735893561838403,-9.388479804291698,3.3866639467033877,-2.5605368567154754,-3.9417845145720167,25.54831713621439,-2.1775786913164747,49.37587323495798,1.8201421385322998,25.45197899420778,45.95931170192782,1.2401827269366958,6.520323754159275,-0.6099476875351992
X,1.0798267358701394,1.7116932638680717,-2.5034472774297183,-1.6393105828878374,-0.6602591154834291,-1.0035890862907675,-4.679519830585013,-9.421846659218586,3.3986497508335347,-2.546486023909134,-3.953891388725794,25.579465931693328,-2.166914820698096,49.40762447005774,1.7794074992641842,25.429323982406206,45.95628451940846,1.2519230942393444,6.551684378514324,-0.6153331281174946
