,ABSNJZH,AREA_ACR,MEANGAM,MEANGBH,MEANGBT,MEANGBZ,MEANJZD,MEANJZH,MEANPOT,MEANSHR,R_VALUE,SAVNCPP,SHRGT45,TOTPOT,TOTUSJH,TOTUSJZ,USFLUX
0,0.6315338474721508,0.5004284490145673,0.5055698371893744,0.45758354755784064,0.4181662382176521,0.43273350471293914,0.4704370179948586,0.45072836332476435,0.5655526992287918,0.5287060839760068,0.4670094258783205,0.5904027420736933,0.5278491859468724,0.5801199657240789,0.5132819194515853,0.49014567266495285,0.5184233076263924
