,ABSNJZH,AREA_ACR,MEANGAM,MEANGBH,MEANGBT,MEANGBZ,MEANJZD,MEANJZH,MEANPOT,MEANSHR,R_VALUE,SAVNCPP,SHRGT45,TOTPOT,TOTUSJH,TOTUSJZ,USFLUX
0,0.5683333333333334,0.49833333333333335,0.5366666666666666,0.47333333333333333,0.4083333333333333,0.4116666666666667,0.4,0.42833333333333334,0.5966666666666667,0.555,0.5283333333333333,0.5366666666666666,0.5516666666666666,0.5983333333333334,0.505,0.4866666666666667,0.52
