,ABSNJZH,AREA_ACR,MEANGAM,MEANGBH,MEANGBT,MEANGBZ,MEANJZD,MEANJZH,MEANPOT,MEANSHR,R_VALUE,SAVNCPP,SHRGT45,TOTPOT,TOTUSJH,TOTUSJZ,USFLUX,d_l_f,g_s,slf
B,318.12416850507907,1098.5383718552878,43.466733061015205,51.4365839970757,92.96238547297867,100.42083286727893,0.019041996554418,7.99826988728383e-05,8395.664034302134,36.39701239079764,4.308306083006242,12780154002634.36,30.06910311364127,5.5328377685626835e+23,2135.952322302959,39241320123681.125,2.8670814687608747e+22,250.67170514396102,38846.83054424015,20.467577874354404
C,333.215175158437,1152.8944224843817,43.603182559036,51.68614615041623,93.06361139106461,100.67179849821771,0.022170778092510397,0.00014506494401825,8516.360963617162,36.554765796830004,4.341273981823669,13353173125222.691,30.327832084772062,5.805135242060444e+23,2243.4981890275985,41205032101500.266,2.9877376210635602e+22,257.27725258502727,41059.98972880635,20.47340026847251
M,343.0774318437812,1174.246046860234,43.65464402307002,51.7477642558899,92.99164933082866,100.70145518695271,0.022690657530196202,8.31311741110179e-05,8597.402862577335,36.62128451296635,4.354709676612641,13681247589212.775,30.450889590608437,5.964892728043251e+23,2297.317178352908,42039539498297.94,3.046656659032977e+22,258.23098509581683,43162.78217280797,20.36548556048651
X,344.68153127980725,1177.142872358554,43.66151577284027,51.744949909859486,92.96884290859691,100.69060838029996,0.022745810648195648,8.270285625086894e-05,8608.202301302099,36.631524403080604,4.356094021556904,13731575749169.24,30.470286497544674,5.988421859343448e+23,2303.619792247373,42136749139872.56,3.0538016403889853e+22,258.21077464346206,43504.016843701764,20.343588138500614
