,precision,recall,f1-score,support
ABC,0.7142857142857143,0.625,0.6666666666666666,56.0
MX,0.25,0.3333333333333333,0.28571428571428575,21.0
accuracy,0.5454545454545454,0.5454545454545454,0.5454545454545454,0.5454545454545454
macro avg,0.48214285714285715,0.47916666666666663,0.47619047619047616,77.0
weighted avg,0.5876623376623377,0.5454545454545454,0.5627705627705627,77.0
