,precision,recall,f1-score,support
ABC,0.8589420654911839,0.36785329018338725,0.5151057401812688,927.0
MX,0.23896103896103896,0.7666666666666667,0.36435643564356435,240.0
accuracy,0.4498714652956298,0.4498714652956298,0.4498714652956298,0.4498714652956298
macro avg,0.5489515522261115,0.567259978425027,0.43973108791241655,1167.0
weighted avg,0.7314395407549074,0.4498714652956298,0.4841033125128463,1167.0

TSS,0.09790310445222283
HSS1,0.7178841309823678
HSS2,1.485168310098606
GS,-0.5841597198549692
ORSS,-65632
SEDI,0.16988700241175317
