,precision,recall,f1-score,support
ABC,0.7863636363636364,0.39724454649827784,0.5278413424866514,871.0
MX,0.19230769230769232,0.5707762557077626,0.28768699654775604,219.0
accuracy,0.43211009174311926,0.43211009174311926,0.43211009174311926,0.43211009174311926
macro avg,0.48933566433566433,0.4840104011030202,0.40776416951720373,1090.0
weighted avg,0.6670074420991852,0.43211009174311926,0.47959014821085494,1090.0

TSS,-0.021328671328671334
ORSS,-98700
SEDI,-0.03618726631664951
