,precision,recall,f1-score,support
ABC,0.7961165048543689,0.4707233065442021,0.5916305916305916,871.0
MX,0.19826086956521738,0.5205479452054794,0.2871536523929471,219.0
accuracy,0.48073394495412847,0.48073394495412847,0.48073394495412847,0.48073394495412847
macro avg,0.49718868720979315,0.4956356258748408,0.43939212201176936,1090.0
weighted avg,0.6759968863880164,0.48073394495412847,0.5304558671415602,1090.0

TSS,-0.005622625580413709
HSS1,0.5922330097087378
HSS2,5.31353892651256
GS,-0.5512118258973409
ORSS,-96810
SEDI,-0.009570506101054296
