,precision,recall,f1-score,support
ABC,0.8125,0.5416666666666666,0.65,48.0
MX,0.3333333333333333,0.6470588235294118,0.44,17.0
accuracy,0.5692307692307692,0.5692307692307692,0.5692307692307692,0.5692307692307692
macro avg,0.5729166666666666,0.5943627450980392,0.545,65.0
weighted avg,0.6871794871794872,0.5692307692307692,0.5950769230769232,65.0

TSS,0.14583333333333337
HSS1,0.625
HSS2,-0.9342105263157884
GS,-0.23603603603603598
ORSS,-264
SEDI,0.22836974399999171
