,precision,recall,f1-score,support
ABC,0.8498985801217038,0.48105625717566014,0.6143695014662756,871.0
MX,0.24288107202680068,0.6621004566210046,0.3553921568627451,219.0
accuracy,0.5174311926605505,0.5174311926605505,0.5174311926605505,0.5174311926605505
macro avg,0.5463898260742522,0.5715783568983324,0.48488082916451036,1090.0
weighted avg,0.7279381817063059,0.5174311926605505,0.5623364386514378,1090.0

TSS,0.09277965214850448
HSS1,0.6997971602434077
HSS2,2.980677418142176
GS,-0.5384349955019161
ORSS,-66896
SEDI,0.15905590608698608
