,precision,recall,f1-score,support
ABC,0.8382642998027613,0.48794489092996557,0.6168359941944848,871.0
MX,0.23499142367066894,0.6255707762557078,0.3416458852867831,219.0
accuracy,0.5155963302752293,0.5155963302752293,0.5155963302752293,0.5155963302752293
macro avg,0.5366278617367151,0.5567578335928367,0.4792409397406339,1090.0
weighted avg,0.7170562632220933,0.5155963302752293,0.5615455044231208,1090.0

TSS,0.07325572347343023
ORSS,-73144
SEDI,0.12520081499339125
