,precision,recall,f1-score,support
ABC,0.7817460317460317,0.452353616532721,0.5730909090909091,871.0
MX,0.18600682593856654,0.4977168949771689,0.2708074534161491,219.0
accuracy,0.4614678899082569,0.4614678899082569,0.4614678899082569,0.4614678899082569
macro avg,0.48387642884229914,0.475035255754945,0.4219491812535291,1090.0
weighted avg,0.6620516408544401,0.4614678899082569,0.5123568936846958,1090.0

TSS,-0.03224714231540171
HSS1,0.5634920634920635
HSS2,4.567247527417075
GS,-0.5702329814746983
ORSS,-104940
SEDI,-0.05478467730725991
