,precision,recall,f1-score,support
ABC,0.8428805237315876,0.5912743972445464,0.6950067476383266,871.0
MX,0.2567849686847599,0.5616438356164384,0.3524355300859599,219.0
accuracy,0.5853211009174312,0.5853211009174312,0.5853211009174312,0.5853211009174312
macro avg,0.5498327462081738,0.5764591164304924,0.5237211388621432,1090.0
weighted avg,0.7251237103781424,0.5853211009174312,0.6261782186071629,1090.0

TSS,0.09966549241634748
HSS1,0.6857610474631751
HSS2,-2.0753792118568866
GS,-0.3872772520698595
ORSS,-68352
SEDI,0.16777548036855666
