,precision,recall,f1-score,support
ABC,0.8562367864693446,0.46498277841561425,0.6026785714285714,871.0
MX,0.24473257698541329,0.6894977168949772,0.361244019138756,219.0
accuracy,0.5100917431192661,0.5100917431192661,0.5100917431192661,0.5100917431192661
macro avg,0.550484681727379,0.5772402476552957,0.4819612952836637,1090.0
weighted avg,0.7333749315363346,0.5100917431192661,0.5541701613813516,1090.0

TSS,0.10096936345475793
HSS1,0.7124735729386892
HSS2,2.3790920547463443
GS,-0.5539118185067597
ORSS,-63376
SEDI,0.17379372074365282
