,precision,recall,f1-score,support
ABC,0.8436830835117773,0.452353616532721,0.5889387144992526,871.0
MX,0.23434991974317818,0.6666666666666666,0.34679334916864607,219.0
accuracy,0.4954128440366973,0.4954128440366973,0.4954128440366973,0.4954128440366973
macro avg,0.5390165016274777,0.5595101415996938,0.46786603183394937,1090.0
weighted avg,0.7212574295068936,0.4954128440366973,0.5402874897218188,1090.0

TSS,0.07803300325495555
ORSS,-69642
SEDI,0.1340827964712916
