,precision,recall,f1-score,support
ABC,0.8458083832335329,0.6486796785304249,0.7342430149447693,871.0
MX,0.27488151658767773,0.5296803652968036,0.3619344773790952,219.0
accuracy,0.6247706422018349,0.6247706422018349,0.6247706422018349,0.6247706422018349
macro avg,0.5603449499106053,0.5891800219136143,0.5480887461619323,1090.0
weighted avg,0.731099223788173,0.6247706422018349,0.6594397399659779,1090.0

TSS,0.12068989982121059
HSS1,0.6916167664670658
HSS2,-0.6238635656710189
GS,-0.2859629222643649
ORSS,-63036
SEDI,0.2005837049370581
