,precision,recall,f1-score,support
ABC,0.746031746031746,0.8392857142857143,0.7899159663865546,56.0
MX,0.35714285714285715,0.23809523809523808,0.2857142857142857,21.0
accuracy,0.6753246753246753,0.6753246753246753,0.6753246753246753,0.6753246753246753
macro avg,0.5515873015873016,0.5386904761904762,0.5378151260504201,77.0
weighted avg,0.63997113997114,0.6753246753246753,0.6524064171122994,77.0

TSS,0.10317460317460314
HSS1,0.49206349206349204
HSS2,0.16883116883116883
GS,0.16666666666666666
ORSS,-288
SEDI,0.1562279143174206
