,ABSNJZH,AREA_ACR,MEANGAM,MEANGBH,MEANGBT,MEANGBZ,MEANJZD,MEANJZH,MEANPOT,MEANSHR,R_VALUE,SAVNCPP,SHRGT45,TOTPOT,TOTUSJH,TOTUSJZ,USFLUX,d_l_f,g_s,slf
B,1.9582393638252726,5.382255468205118,0.06015930288276825,0.14383674273141525,0.3041808719284792,0.1828488401798609,0.004482217766061783,5.211629386906983e-05,17.905097259584576,0.03612597854095715,0.014973062736770909,100590931658.9311,0.04725463902007832,7.636264094303069e+20,8.116839356852738,151042235215.96634,9.550964455881407e+19,1.053292290715743,390.2958004907543,0.2672636274848036
C,1.0474509815536655,5.577468274394445,0.02392291000538951,0.07725064551821778,0.25976756863683054,0.10210122857304303,0.002861232636534606,3.9149571072054405e-05,22.35440889845889,0.03552219843059237,0.014361093905560297,48888997842.608604,0.06342742386879896,1.1162515711687243e+21,8.676195966742066,142230223380.0068,1.347706021077388e+20,0.9661096238514849,295.15689752351693,0.20864216791798323
M,0.875269666367808,4.515872966403637,0.019100618488045527,0.08382487170573052,0.26657371796249796,0.11180714133827312,0.002852361063692059,2.6686320902226163e-05,21.583729395872457,0.024244752559347608,0.013132233332406885,44049869176.577934,0.04339316306004407,8.29515910363231e+20,6.424739191805192,89862449360.43521,9.424844786332764e+19,0.9949135250908989,259.25953590099596,0.1868536864840031
X,0.8456368104971375,4.329357355116684,0.019413476346280722,0.08215196168473535,0.2648336550500556,0.11570639780041508,0.003069863070734952,2.5380945210432453e-05,23.07714752566063,0.024850306303043013,0.012884815962636647,43858076890.278175,0.04397141025803629,9.149278435270857e+20,6.213444720118652,85129316061.6617,9.336213693267195e+19,0.9993443491060385,247.81009419259752,0.18577494323771165
