,ABSNJZH,AREA_ACR,MEANGAM,MEANGBH,MEANGBT,MEANGBZ,MEANJZD,MEANJZH,MEANPOT,MEANSHR,R_VALUE,SAVNCPP,SHRGT45,TOTPOT,TOTUSJH,TOTUSJZ,USFLUX,d_l_f,g_s,slf
B,175.47849237279172,679.2855849802366,42.64621424296826,50.36090260475652,94.10232697862509,99.78330868544596,0.0146430978029445,0.0001441682744508,7333.344110535399,35.3079546268657,4.008497053517745,7541979591536.231,28.117170617563715,3.1919247912083247e+23,1240.7417758814647,23743498878734.62,1.865745993288783e+22,210.9477214285711,11198.139011664069,20.831288514442925
C,304.1302000649524,1073.1571062467451,43.53960072783987,51.9249303534303,94.48362274655334,101.22616918665278,0.0325619708127794,0.0003733794866563,8276.646279989454,36.401796717840114,4.254209134873711,12348006437370.062,30.006642720455087,5.3133903786825455e+23,2053.652067164633,38123178535285.086,2.749768971157228e+22,257.9166262799648,34644.82511407923,21.241634550218304
M,337.3371772661964,1152.0485320540763,43.7445190465583,52.17214144589156,94.22881153144915,101.29734083314791,0.0329260990699773,0.0001668876974709,8550.545319902583,36.65097654292871,4.304132622798886,13419480916527.97,30.461368013544018,5.894871376619914e+23,2245.625879750456,41240381659880.1,2.973051900307601e+22,262.6418385881761,41771.082615993655,20.96278834562441
X,342.39377815098334,1162.4857725563902,43.77093629727941,52.176124404086295,94.18066044029338,101.28040688575892,0.0332464126765646,0.0001571486657546,8583.139944407385,36.6840406376292,4.309078151260508,13585722784776.39,30.529999046038068,5.978418305499777e+23,2268.178412668041,41616759816692.67,2.9978261874701488e+22,262.46146953922823,42964.65887259801,20.8890577931363
