,ABSNJZH,AREA_ACR,MEANGAM,MEANGBH,MEANGBT,MEANGBZ,MEANJZD,MEANJZH,MEANPOT,MEANSHR,R_VALUE,SAVNCPP,SHRGT45,TOTPOT,TOTUSJH,TOTUSJZ,USFLUX,d_l_f,g_s,slf
B,297.7871879342187,1034.6794849808693,43.34432994292871,51.39478446950045,93.45364357316119,100.46526227018668,0.02121583114852282,0.0001048202449273254,8231.761523781108,36.23772628310822,4.251755100102627,12032366313094.438,29.78622674821357,5.20643033918369e+23,2002.7314742457913,36961474979359.586,2.713654681429901e+22,246.56253009087206,35152.74056465145,20.70191169452139
C,326.1686008108171,1130.5507980995205,43.577333028276406,51.80789612787256,93.59374990904242,100.86353244567908,0.02667567763704183,0.00020815280302396958,8448.768976893802,36.510975691644724,4.31096818547286,13114763664660.076,30.252571816438987,5.697391436835936e+23,2195.087026988955,40432917875685.09,2.925633684374358e+22,258.30838692181834,39492.24865693235,20.76446110867827
M,341.4490558552202,1164.735469781736,43.66331597199846,51.90528529553226,93.48114861049659,100.90494641488993,0.0268832421186114,0.00010938641612543371,8572.63154842844,36.612100794543046,4.332442168052845,13610964097429.955,30.445300601447308,5.952070230128865e+23,2279.885662713823,41774938284906.98,3.0202916198299204e+22,259.98336684402733,42738.54887888491,20.60303656739349
X,343.90571077521037,1169.371159962859,43.67458482770125,51.902825443687746,93.44834714997768,100.8949692487224,0.027114736132349614,0.00010664532680105622,8588.44070767467,36.6270789745739,4.334692985263929,13687408371574.746,30.475041156105153,5.989234961555991e+23,2289.744948313823,41932581565868.75,3.0313547360681733e+22,259.93952095141026,43284.30812077201,20.56784660032872
