,ABSNJZH,AREA_ACR,MEANGAM,MEANGBH,MEANGBT,MEANGBZ,MEANJZD,MEANJZH,MEANPOT,MEANSHR,R_VALUE,SAVNCPP,SHRGT45,TOTPOT,TOTUSJH,TOTUSJZ,USFLUX,d_l_f,g_s,slf
B,1.728136933535254,2.704496023871891,-1.0519803099540705,-0.3405126660419878,0.5666215657996609,0.05209832557920326,-3.7521867549114782,-8.531347143413214,4.158661600795572,-1.4922921552807207,-2.6678429570043694,26.478578104706546,-1.1836467687038932,49.66045704084505,3.656418170323588,27.19429985457489,47.73930941742715,2.0573136331497457,7.342365215410676,0.07553335901723515
C,1.6765482660750821,3.001190979917861,-1.177409237007026,-0.4078427967918956,0.5745031505681802,0.043759061915093926,-3.7732605255273737,-8.518429049062,4.211405392478035,-1.5524109513403999,-2.6557444812730835,26.38049063526681,-1.2938244021669876,50.02248399920451,3.794210468798725,27.39080073010968,47.97059278422721,2.0031583276241047,7.336026988069273,0.16206816939985016
M,1.7007448562047622,2.8417843925635857,-1.1358745167100204,-0.35448799875461084,0.5816156982208925,0.033864085270005596,-3.789267504130863,-8.52103384541962,4.178178385451098,-1.5180854315265864,-2.689169388288611,26.38522968140061,-1.2426527076417462,49.855275584082555,3.70666143122444,27.237867261720826,47.803730310784424,2.046169075501462,7.409106012991967,0.16508337723714733
X,1.684956321014613,2.7933325726947436,-1.122104972713545,-0.3494788137958112,0.5825105593614682,0.04094735437581883,-3.7863101359599747,-8.542498850469407,4.188955040091602,-1.4961007665349222,-2.695511364070356,26.371279063885673,-1.2157801742802115,49.76139488073753,3.690454270851349,27.217174241649083,47.787067576636936,2.0443144244050355,7.385794113362175,0.16202785456842542
