,ABSNJZH,AREA_ACR,MEANGAM,MEANGBH,MEANGBT,MEANGBZ,MEANJZD,MEANJZH,MEANPOT,MEANSHR,R_VALUE,SAVNCPP,SHRGT45,TOTPOT,TOTUSJH,TOTUSJZ,USFLUX,d_l_f,g_s,slf
B,318.5010937454061,1099.326995311425,43.31509503783643,51.28930374501297,92.72714513596748,100.27026007004326,0.01623129892706995,1.7900119639007842e-05,8392.992807938845,36.334678947542955,4.3202593947359755,12803017397986.455,29.98718037520075,5.5306563677594656e+23,2138.5467868742653,39273255630498.03,2.8704239794826148e+22,249.48193174190288,39292.34139369859,20.19352944425379
C,333.81467320610216,1154.473598149259,43.457143282000075,51.548031154443265,92.81487519324986,100.48290310303048,0.019192546997797398,7.691543493182367e-05,8515.901699423372,36.4894569258712,4.3536729425957725,13383673110789.488,30.26044054219982,5.80944188680347e+23,2247.600015316677,41270592363894.875,2.992281370045238e+22,256.4503816140813,41503.57237299146,20.219495949836755
M,343.5598303621138,1175.2721089470938,43.510412242805614,51.606171320978326,92.7434396587944,100.50352779109687,0.0195087364785353,1.7819074009433903e-05,8594.20250271689,36.55672914724826,4.36685074764199,13700433755906.41,30.381488779668466,5.967041483096564e+23,2300.339689395812,42073512122268.91,3.0497240228526503e+22,257.35117297159104,43609.11144259304,20.10780733359058
X,345.1351671567702,1178.153171560157,43.51707176194293,51.603167273334655,92.722795511481,100.49800702656574,0.01955814804045255,1.4656826350988239e-05,8604.419046365601,36.56529147186422,4.368127077369099,13747728373239.564,30.3988187377784,5.990324525275937e+23,2306.523311049428,42172269681797.516,3.05682491182485e+22,257.33226097032946,43931.69742540951,20.087093891694828
