,ABSNJZH,AREA_ACR,MEANGAM,MEANGBH,MEANGBT,MEANGBZ,MEANJZD,MEANJZH,MEANPOT,MEANSHR,R_VALUE,SAVNCPP,SHRGT45,TOTPOT,TOTUSJH,TOTUSJZ,USFLUX
B,46.014089958420016,73.1533353846155,2.260302263802245,4.100082120582108,5.817239778239767,6.095294871794906,0.0591514018838068,0.00018975759805960003,970.1310002309983,1.9527942863833232,0.18726560254284008,1089313608223.6084,3.403803751443739,4.283314118734124e+22,142.42607207207243,2536743334488.332,1.1517647597597538e+21
C,31.6271955052203,81.2178933054397,1.4355701298700865,1.9379076394193575,2.770886274509749,3.314045199898146,0.05820553439113839,0.00010279752650880006,715.6431695951132,1.41887517934002,0.07021441763039649,742420993888.4639,2.0742166321442035,6.168825640488926e+22,130.37779902979378,2350785946014.7695,1.326405554876476e+21
M,32.8412499049507,103.05647532894773,1.5102500037244653,2.124943119348039,2.812098744096673,3.0606528760633864,0.03954109070259089,0.000142681282243,814.9106123087495,1.531791864954677,0.06382950174825108,829894833991.3291,2.1892956755702713,6.590062920936184e+22,168.57061242495138,3098043125813.8086,1.9989611159512888e+21
X,34.76894653265907,99.35056627694064,1.410529944568225,2.090716298074142,2.75882839019377,2.9088810503457694,0.038239659726412994,0.0001182239865992,777.4252245842645,1.4307646113447063,0.06578168157945896,906048323504.2002,2.0659764367270377,6.3889602551002924e+22,164.91051617378184,3069199699039.9414,1.9633897217840738e+21
