,precision,recall,f1-score,support
ABC,0.7660044150110376,0.3993095512082854,0.5249621785173978,869.0
MX,0.19568567026194145,0.5450643776824035,0.2879818594104308,233.0
accuracy,0.4301270417422868,0.4301270417422868,0.4301270417422868,0.4301270417422868
macro avg,0.48084504263648953,0.4721869644453444,0.40647201896391427,1102.0
weighted avg,0.6454197802319637,0.4301270417422868,0.4748565393595726,1102.0

TSS,-0.038309914727020944
HSS1,0.5320088300220751
HSS2,2.957941786262419
GS,-0.565475866028569
ORSS,-110664
SEDI,-0.06378722800217955
